{
  "patch_level": {
    "accuracy": 0.3007915567282322,
    "f1_score": 0.4421052631578947,
    "auc_roc": 0.4493569690649983,
    "average_precision": 0.24091886782601823,
    "optimal_threshold": 0.55213862657547
  },
  "patient_level": {
    "accuracy": 0.7368421052631579,
    "f1_score": 0.8484848484848485,
    "auc_roc": 0.6857142857142857
  }
}