{
  "patch_level": {
    "accuracy": 0.3741496598639456,
    "f1_score": 0.46511627906976744,
    "auc_roc": 0.4653574580759047,
    "average_precision": 0.27916637835727665,
    "optimal_threshold": 0.3511773347854614
  },
  "patient_level": {
    "accuracy": 0.8421052631578947,
    "f1_score": 0.9142857142857143,
    "auc_roc": 0.22916666666666669
  }
}