{
  "patch_level": {
    "accuracy": 0.2928759894459103,
    "f1_score": 0.4345991561181435,
    "auc_roc": 0.39334376086200906,
    "average_precision": 0.2309313422516397,
    "optimal_threshold": 0.5005203485488892
  },
  "patient_level": {
    "accuracy": 0.7368421052631579,
    "f1_score": 0.8484848484848485,
    "auc_roc": 0.6714285714285715
  }
}