{
  "patch_level": {
    "accuracy": 0.8970976253298153,
    "f1_score": 0.8020304568527918,
    "auc_roc": 0.9049356969064997,
    "average_precision": 0.8832465843412712,
    "optimal_threshold": 0.31122198700904846
  },
  "patient_level": {
    "accuracy": 0.8947368421052632,
    "f1_score": 0.9285714285714286,
    "auc_roc": 0.942857142857143
  }
}