{
  "patch_level": {
    "accuracy": 0.5306122448979592,
    "f1_score": 0.3783783783783784,
    "auc_roc": 0.5562665489849956,
    "average_precision": 0.31094319991595676,
    "optimal_threshold": 0.4449905753135681
  },
  "patient_level": {
    "accuracy": 0.7368421052631579,
    "f1_score": 0.8484848484848485,
    "auc_roc": 0.25
  }
}